Member Type,Total Rides,Percentage
member,124126,81.72636291809323
casual,27754,18.27363708190677
